time,dx,dy,dz
1728456112727,0.0008735659517758184,-0.001024321417988424,-0.0008357116548418313
1728456112855,0.0005345366234064539,-0.0008044469555874383,-2.368462602473262e-05
1728456112890,0.00021783223757312122,-0.0005775476128558373,0.00071349974196537
1728456113018,-6.40983588446723e-05,-0.0003428960748223193,0.0013239885602859467
1728456113058,-0.00031288294059165193,-0.0001099795783428734,0.0017923725019431008
1728456113176,-0.000541252862190143,0.00010238656844652778,0.0021401762701677013
1728456113215,-0.0007639001739274792,0.00027074540330119585,0.0024128237537268476
1728456113341,-0.0009865920033963953,0.0003735539187729546,0.00265838935255459
1728456113382,-0.0011990887443178654,0.00039775545738302074,0.002907099190522056
1728456113492,-0.0013759311988599632,0.0003443415274897382,0.0031608857983491958
1728456113532,-0.0014856358480319156,0.0002322730765491459,0.0033983941537709837
1728456113659,-0.001504768755312204,9.950286415171698e-05,0.0035935034806112176
1728456113694,-0.001430586052355295,-1.0808874472243953e-06,0.0037377753935800328
1728456113819,-0.001285853395202943,-1.2720448660973267e-05,0.0038535016324492623
1728456113857,-0.0011125080514322446,0.0001075956504718481,0.0039872975225918
1728456113976,-0.0009560405462769655,0.00036966023676516255,0.004184356302587263
1728456114017,-0.0008475074557637559,0.0007375071101303924,0.004456075513264136
1728456114093,-0.0007920162455393049,0.00113305855339461,0.0047608783410154985
1728456114095,-0.0007695483812571628,0.0014591788305695185,0.005012878053641523
1728456114173,-0.0007472421465679321,0.001634310001185599,0.005116492340723002
1728456114254,-0.0006958650750314103,0.0016219980686693642,0.005007979803437392
1728456114336,-0.0006015337532202482,0.001439820312157518,0.004680282980676712
1728456114416,-0.0004677516225840001,0.001144203336593155,0.004179173408740809
1728456114495,-0.00030923401446114677,0.0008018823003583406,0.0035770003321907054
1728456114577,-0.00014317936258594044,0.00046486516140908875,0.0029416965955918637
1728456114656,1.656804500994474e-05,0.00016039591468082107,0.002317020227585747
1728456114737,0.00016041824099807003,-0.00010394606841643052,0.001719673661013314
1728456114818,0.0002806520269057004,-0.00032864735106209487,0.0011486396357546242
1728456114899,0.0003691159454553953,-0.0005139995232033701,0.0005976796323380917
1728456114979,0.00041753349688934997,-0.0006596604427362749,6.386580924150699e-05
1728456115059,0.00042064296832942314,-0.0007695590668176895,-0.00045008202717628393
1728456115139,0.0003801997130304599,-0.0008559492717736272,-0.000937807078136693
1728456115221,0.0003071143102520891,-0.0009377089579908022,-0.0013924669284487228
1728456115302,0.00021991283102067516,-0.0010325398958649025,-0.0018087888536389258
1728456115381,0.00013966048283421329,-0.0011471569491201732,-0.002183559898526808
1728456115460,8.339106126839276e-05,-0.0012711779358911227,-0.0025153108332748855
1728456115543,5.893043800655516e-05,-0.001378589159910274,-0.0028041369535053073
1728456115622,6.334271825592136e-05,-0.001436672927134268,-0.0030519887251583494
1728456115705,8.54175991951602e-05,-0.0014184400436352807,-0.003263001940653033
1728456115784,0.00011067267695366608,-0.0013129570310457046,-0.003443139009208377
1728456115864,0.00012635234751314723,-0.0011292334724990558,-0.0035988053104939193
1728456115945,0.00012433671336933144,-0.0008926312696278299,-0.003734879065037871
1728456116025,0.00010131616314488084,-0.0006361586071301682,-0.003853152217671029
1728456116106,5.708688216846119e-05,-0.0003908031685132032,-0.003952091722242837
1728456116186,-7.458617633218894e-06,-0.00017866175303245152,-0.0040281333584302826
1728456116268,-9.138282788800488e-05,-1.0679664604028922e-05,-0.004077866133810489
1728456116347,-0.00019349880924922117,0.00011144325252811591,-0.0040999892238529
1728456116428,-0.00031155175120096685,0.00019114906969715394,-0.004096093412830297
1728456116510,-0.00044178202575846436,0.00023306793145246285,-0.004069999165919284
1728456116589,-0.0005794894701981717,0.0002409606421458925,-0.004026149573160809
1728456116671,-0.0007204131695283184,0.00021816955560845702,-0.003967959723411684
1728456116751,-0.000862043830682627,0.00016996823745942858,-0.003896871783896934
1728456116832,-0.0010038679921089172,0.00010626905467921136,-0.0038123502495578596
1728456116913,-0.0011461314467613119,4.282754192260639e-05,-0.0037125812187486485
1728456116994,-0.0012876687393073496,-4.2650710300506864e-07,-0.0035954630040058513
1728456117072,-0.0014240480538426548,-4.070910790455109e-06,-0.0034594948559375895
1728456117152,-0.0015472195597520902,4.450781631420969e-05,-0.0033041762572230855
1728456117234,-0.0016470297912081948,0.00014572882319378508,-0.003129583274198687
1728456117315,-0.0017138967664224033,0.00028597163484452226,-0.002935164766381075
1728456117392,-0.0017412846571622763,0.0004406768608680524,-0.002718452823597819
1728456117477,-0.0017267227059066612,0.0005816655973897815,-0.002474746547702056
1728456117555,-0.0016708834528123696,0.0006859074326546792,-0.0021984074378375387
1728456117634,-0.0015752517278053249,0.0007421544143238493,-0.00188537033862285
1728456117718,-0.0014396628388303337,0.0007528428653187678,-0.0015355691181834783
1728456117797,-0.0012610980841044294,0.0007309854777029022,-0.001153912459674725
1728456117878,-0.0010345443388827447,0.0006941365738623839,-0.0007493010981513091
1728456117958,-0.0007557167354269357,0.0006585621973768059,-0.0003322613966480876
1728456118039,-0.00042448796157338,0.0006359509969677626,8.77336287410396e-05
1728456118120,-4.746658917746807e-05,0.0006330073103696919,0.000504392752955697
1728456118200,0.00036144455017949896,0.0006524566018582253,0.0009157198780828847
1728456118281,0.0007827283109375778,0.0006935409276282278,0.001323865377497751
1728456118360,0.0011944262546082587,0.0007511791313602185,0.0017336286162376975
1728456118442,0.0015755712063099815,0.0008147235939625209,0.002149877096316804
1728456118520,0.001908781087816106,0.0008683127500855289,0.002574651682447612
1728456118602,0.002181483503523157,0.0008942999290978908,0.0030050405574334853
1728456118683,0.002385895063473551,0.0008793126151625886,0.0034326679838083116
1728456118764,0.0025183230537899042,0.0008203485599832326,0.003844855135253038
1728456118844,0.002578460538986615,0.0007274199195250859,0.0042267103019870515
1728456118925,0.0025691455397000495,0.0006204322062431418,0.004563284963414489
1728456119005,0.0024966664720672185,0.0005208118569810285,0.004841534778281463
1728456119086,0.002371260789297231,0.0004413745458542714,0.0050523441095365875
1728456119166,0.0022071514205098705,0.00037931377727905415,0.005192510848622964
1728456119247,0.0020214898769978333,0.00031603840368704526,0.005265553194596056
1728456119328,0.0018320078032702373,0.00022435924033488671,0.005279704180106413
1728456119408,0.0016538687872570716,7.988987580673018e-05,0.005242661858364503
1728456119487,0.0014968021144307465,-0.00012855525299272196,0.005155358982025996
1728456119568,0.0013637195750812816,-0.0003941830296005682,0.00500912925526163
1728456119656,0.001251518128455656,-0.0006947587803362963,0.0047895430290810816
1728456119732,0.0011538528551880084,-0.0010005437479831546,0.004485562457682958
1728456119811,0.0010647822518900668,-0.0012833864124760293,0.004098078797975426
1728456119892,0.000981794470185929,-0.0015228285043949216,0.003641857296972053
1728456119971,0.0009070012188461051,-0.0017073572270293637,0.003139875885069859
1728456120053,0.0008460660879922261,-0.0018318842690636917,0.002614520937554516
1728456120134,0.0008053351200051138,-0.001894399200248816,0.0020814469041021215
1728456120214,0.0007882911705534197,-0.001894543972888958,0.001548829103468134
1728456120293,0.0007926532565650163,-0.0018349138345638775,0.0010207000583256339
1728456120375,0.0008091734270347579,-0.001723586304696892,0.0005012572103038746
1728456120454,0.0008225830567027639,-0.0015752558826958797,-2.2448856775036127e-06
1728456120536,0.0008144309671964965,-0.001409132129846578,-0.0004789249153058955
1728456120615,0.0007669782051936946,-0.001243894346175389,-0.0009160440752202138
1728456120696,0.0006670516532408051,-0.0010920537767761633,-0.0013026293698508752
1728456120776,0.0005088696815737283,-0.0009567041399795953,-0.0016336526012533969
1728456120857,0.00029525063637922963,-0.0008324507067806816,-0.00191254255772269
1728456120937,3.711249632659882e-05,-0.0007100611537372033,-0.002149898444402907
1728456121021,-0.0002484220789458404,-0.000582442052303266,-0.0023581371995821236
1728456121099,-0.0005407962310504988,-0.00044898975106910324,-0.0025446097825809325
1728456121180,-0.0008191347416804472,-0.0003163694044177356,-0.002707268679674458
1728456121259,-0.0010652583932244768,-0.00019564376851243594,-0.0028356524919610697
1728456121342,-0.001266208972380588,-9.737604789714611e-05,-0.002916594658245282
1728456121420,-0.0014158901940635894,-2.7099409123004293e-05,-0.002941297047007171
1728456121502,-0.0015154430554360123,1.684369717544298e-05,-0.002910072836521485
1728456121582,-0.001572148339453662,4.2334451558076025e-05,-0.0028327676043052702
1728456121663,-0.00159702856310271,6.009093638988604e-05,-0.002725097827787969
1728456121744,-0.0016017740669194704,7.958148532068624e-05,-0.002602820369866639
1728456121825,-0.0015959098394500773,0.00010610262518417596,-0.0024763499345351165
1728456121904,-0.0015850779694370101,0.0001401808550918422,-0.00234802636507175
1728456121986,-0.0015709334101839366,0.00017929534822365659,-0.0022128847268610176
1728456122065,-0.0015525962277650168,0.00022085726243082087,-0.0020622365104756555
1728456122147,-0.0015290842069242655,0.00026489507809547417,-0.0018884852850592601
1728456122226,-0.0015018225431575438,0.00031518363944430054,-0.0016895153508878803
1728456122307,-0.0014762600730609237,0.00037845189840993594,-0.0014711090829362396
1728456122386,-0.0014618324710201891,0.0004623306708766851,-0.001245918791345501
1728456122468,-0.0014700009082677205,0.0005732800838687334,-0.0010283732264907352
1728456122550,-0.0015107903459129666,0.0007155220010833727,-0.0008273389102713943
1728456122629,-0.0015889360752352959,0.0008911380268259548,-0.0006411317647212588
1728456122708,-0.0017010799817280238,0.0011005670353295882,-0.00045940518526299415
1728456122790,-0.001835181361108798,0.0013423997230336325,-0.0002718957378512211
1728456122870,-0.001972478303435337,0.001611879072097315,-7.799974724595134e-05
1728456122951,-0.0020913500621808825,0.001898569927651901,0.00011065201096127157
1728456123034,-0.0021717798921492486,0.0021846136173190233,0.00027747552482296873
1728456123114,-0.0021990740635376062,0.0024452455779861997,0.0004128218963305937
1728456123192,-0.0021659637300432593,0.002652593990464584,0.0005210303583439164
1728456123273,-0.0020728714654988586,0.002782407586456379,0.0006169831558586289
1728456123353,-0.0019266718921335205,0.002821824964401698,0.0007151720037728498
1728456123436,-0.0017386136046721773,0.002775269969989339,0.0008200632545987646
1728456123515,-0.0015221847910467047,0.0026656197910059263,0.0009244857912944364
1728456123596,-0.0012915434789512535,0.0025291716092482206,0.0010155810128457353
1728456123674,-0.0010606840152004083,0.002405264974767393,0.0010825189855444854
1728456123758,-0.0008429767046103761,0.002323757592409585,0.0011205647491667403
1728456123836,-0.0006504473807234951,0.002294781899514712,0.001130195851198038
1728456123916,-0.0004923568059757046,0.0023046297391354853,0.0011136525428018446
1728456123998,-0.000373176282626306,0.002319359966779913,0.0010723031120355758
1728456124078,-0.0002906319223845987,0.002294749029945137,0.0010066578345125378
1728456124159,-0.00023481305695209764,0.002188829232339956,0.0009181272640853357
1728456124239,-0.00018919871546484206,0.0019725447313771677,0.0008098482709273766
1728456124319,-0.00013379570603642524,0.0016352793106004738,0.000684900662916154
1728456124400,-4.96419285003148e-05,0.0011845205312801213,0.0005433427366406812
1728456124481,7.678723150329046e-05,0.0006414615007407206,0.0003815007961709282
1728456124563,0.00025077121792431504,3.5663051027625424e-05,0.00019531683010791322
1728456124642,0.0004689583810798471,-0.0005985981201344149,-1.4478734305614462e-05
1728456124723,0.0007212406536615179,-0.0012236284048462041,-0.0002399230198583262
1728456124803,0.000993976707260842,-0.0017988314619102512,-0.00046858153759850725
1728456124883,0.0012734110302428014,-0.002283099928342917,-0.000689341927255009
1728456124965,0.001548329166884804,-0.0026408711319927496,-0.000896423452164202
1728456125046,0.0018113942010136298,-0.002851128005727334,-0.0010887003301389615
1728456125125,0.0020590839054822805,-0.00291592175509055,-0.0012658147665946722
1728456125206,0.002290622599677047,-0.0028638320188411302,-0.0014249612847238113
1728456125286,0.002506624481235564,-0.002745173731057581,-0.0015607283523069245
1728456125369,0.0027081084946919136,-0.002619290325239719,-0.0016673828302715178
1728456125447,0.002896084536530197,-0.002538196900175103,-0.001741752547348291
1728456125528,0.00307140125559992,-0.0025329952034083914,-0.0017855406229265636
1728456125608,0.003234429407482528,-0.002608544418523761,-0.0018063816086957545
1728456125689,0.0033844940469332577,-0.0027481705645276294,-0.0018166678371316696
1728456125770,0.0035193962954511064,-0.0029255977216737315,-0.001829697256615368
1728456125850,0.0036354935122373637,-0.0031181447710260457,-0.0018545687862814605
1728456125930,0.0037285650648318366,-0.0033151029836141917,-0.0018925740354182067
1728456126011,0.0037952686681477564,-0.0035180328755863213,-0.0019368241713553873
1728456126091,0.003834609695271475,-0.0037339211040231224,-0.0019744848998323444
1728456126173,0.003848667899482979,-0.003965526876020105,-0.0019898560062911663
1728456126252,0.0038419919856849277,-0.004204185205058026,-0.0019675066570793705
1728456126333,0.003819632768678088,-0.0044285641651353866,-0.0018959363999352737
1728456126414,0.003784544900433915,-0.004609557809680363,-0.0017717527974819638
1728456126494,0.0037356018223304054,-0.004718488492714008,-0.0016025646653600061
1728456126575,0.0036673291433718916,-0.004734584519053694,-0.0014060469955920315
1728456126658,0.003571642740007075,-0.004648660118445424,-0.001204432938755461
1728456126735,0.00344082613497223,-0.004462227882798823,-0.0010168264555970624
1728456126818,0.0032703349102425503,-0.004183505108380461,-0.0008533587614726974
1728456126897,0.0030601511400044517,-0.0038228135464097573,-0.0007138008989511417
1728456126978,0.002814189683048602,-0.003389470398713968,-0.0005902469157195952
1728456127059,0.0025381915535913633,-0.0028910048283744185,-0.00047154670164617507
1728456127138,0.0022371695958950956,-0.002334278050662228,-0.0003471972868314266
1728456127219,0.0019135856962077147,-0.0017274359466663586,-0.00020933535631099801
1728456127300,0.001567041209259238,-0.0010816643638515212,-5.242649641658081e-05
1728456127380,0.001195517192794469,-0.0004121217053614832,0.0001286053948087199
1728456127461,0.0007974318166556028,0.00026223600671949817,0.00033985018856821843
1728456127541,0.0003733852073715989,0.0009201417728333783,0.0005875066458898656
1728456127621,-7.33334926341873e-05,0.0015410076899840456,0.0008746216336698317
1728456127702,-0.0005377276476786272,0.002109259664057825,0.0011980662075078497
1728456127784,-0.0010150789113869514,0.002618988998612832,0.001548723566288431
1728456127863,-0.001503029014785158,0.0030769064962624056,0.0019151972912732948
1728456127944,-0.0020028324152477663,0.0035013399283012445,0.002288196052071279
1728456128024,-0.0025191261386539347,0.003916191128409183,0.002662429884961616
1728456128105,-0.0030580076386054764,0.004341174692817048,0.00303552975097947
1728456128185,-0.0036237760566696906,0.0047821222045996,0.0034061288987467337
1728456128266,-0.004215261673697438,0.0052261226130683874,0.0037732882451210798
1728456128346,-0.004823016479437664,0.005644841058854395,0.004137444267975837
1728456128426,-0.00542856296500116,0.006005828656995107,0.0045013651877177235
1728456128507,-0.0060063692426573015,0.00628755880676645,0.004869662243389604
1728456128587,-0.006528390583217114,0.0064913870569000415,0.005246663536997
1728456128668,-0.006970129996162727,0.006644175617782293,0.005633528051206133
1728456128748,-0.007316473495608491,0.006789061896777072,0.00602574590629927
1728456128829,-0.007565310161609282,0.006967245117016489,0.006411998000073978
1728456128910,-0.007727397277474484,0.007198174646033229,0.006775069326412479
1728456128990,-0.007822135343037748,0.0074668528614542954,0.007094965372105036
1728456129072,-0.007870539057479248,0.0077242803103882585,0.007353487681070434
1728456129151,-0.007888005309756346,0.007901497619063079,0.00753872391259899
1728456129232,-0.007879734538079322,0.007931784559595027,0.007647706266907068
1728456129313,-0.007840571701244074,0.0077721027666477266,0.0076858556188369774
1728456129394,-0.0077590329198879105,0.007415385508175703,0.00766253695539997
1728456129472,-0.007623330669877413,0.00688945549978179,0.007583514074710071
1728456129555,-0.007426299688702842,0.006244166257856606,0.007443650504698804
1728456129634,-0.00716681521015462,0.0055330949474459235,0.007225193819011345
1728456129716,-0.006847358554152833,0.004797666584397232,0.006905243534820744
1728456129797,-0.006469743101054183,0.004059494457262389,0.006469890161587776
1728456129876,-0.006032213388145044,0.0033223149013425057,0.005926303789660081
1728456129957,-0.005530287452469225,0.0025805207746570345,0.0053036297854382975
1728456130037,-0.004961241995476836,0.0018290162352089237,0.004640461989779873
1728456130117,-0.004329597174960933,0.0010696661993863182,0.003966002217469493
1728456130199,-0.003650017420231994,0.00031221635769202664,0.0032864481658493186
1728456130280,-0.0029453500325242483,-0.0004294360453726627,0.0025842734607892407
1728456130360,-0.0022402534586163283,-0.001142833678246574,0.0018292686319136958
1728456130440,-0.0015533240727747472,-0.001821429945779078,0.0009935582412495167
1728456130522,-0.0008914033666247992,-0.0024661189906841695,6.265560763471983e-05
1728456130601,-0.00024857289278912374,-0.0030836531650464583,-0.0009607775391404137
1728456130682,0.0003899334403176572,-0.0036830713500391387,-0.002059362839179859
1728456130763,0.0010408111734203015,-0.004271758990457418,-0.003207086649668999
1728456130843,0.0017157537520311823,-0.004852495584690351,-0.004377063551086885
1728456130922,0.0024172339867284407,-0.005422178166045538,-0.005549240403283252
1728456131005,0.0031384036848486193,-0.005972266285686365,-0.00671551368884893
1728456131085,0.0038667616039787544,-0.006490637244866699,-0.00787960451670914
1728456131165,0.004589748707228194,-0.006964438675808587,-0.009051090519854936
1728456131246,0.005299771837083726,-0.007383432698889289,-0.010236176796437088
1728456131327,0.005996559875394865,-0.007743083395365197,-0.011429688139018889
1728456131407,0.006685987893238498,-0.008046390461704732,-0.012612383205823627
1728456131488,0.007376012024827321,-0.008303506309307297,-0.013755440983666498
1728456131567,0.008071547908108417,-0.008528643460596591,-0.014830335865825736
1728456131648,0.008770554199558602,-0.008734643411667192,-0.015818621202249233
1728456131729,0.009463054104811986,-0.008926669840478161,-0.016715399043326907
1728456131811,0.010133510106047698,-0.009097425522554103,-0.017524503494188097
1728456131889,0.01076543256091861,-0.009226406511766403,-0.018249951980649996
1728456131971,0.011346106181130388,-0.00928443704056689,-0.018890876891651632
1728456132051,0.011869358048444119,-0.009242338234499166,-0.01944300765214515
1728456132132,0.012335294190343488,-0.009080353733551604,-0.01990299336753442
1728456132212,0.012747335117451882,-0.008794352481563987,-0.020269301099523636
1728456132294,0.013108003612943741,-0.008396359840932727,-0.020537367076879236
1728456132373,0.013415321950155549,-0.007909773061400355,-0.020692978294311437
1728456132453,0.013661313034478833,-0.007362062303530256,-0.020710419164464127
1728456132533,0.013833239074974838,-0.006778523635117104,-0.020558382819614803
1728456132615,0.013917228273538931,-0.006179542124932393,-0.020210479519379845
1728456132694,0.013903128532513848,-0.005581704171743734,-0.019654003878823125
1728456132775,0.013788943113933997,-0.00500111160455295,-0.018892450160616445
1728456132856,0.01358312414782714,-0.00445619745113311,-0.017941276465258768
1728456132936,0.013303396008023376,-0.003967593042895591,-0.016819224853263554
1728456133016,0.012971704841255587,-0.0035540932955781036,-0.015538538351612025
1728456133099,0.012606262503630518,-0.003225922631060852,-0.01409784961711421
1728456133177,0.012213112613538721,-0.002978285789002263,-0.0124815071251996
1728456133258,0.01178054167982507,-0.0027885951091863475,-0.010667184876532709
1728456133338,0.011279293673003801,-0.002619458802170628,-0.008639133870061827
1728456133420,0.010669638526985105,-0.002427124689715497,-0.006400044111786857
1728456133500,0.009913424051265555,-0.0021727974422029463,-0.003974320745378128
1728456133580,0.008986624873675233,-0.0018330190038984033,-0.001400351478997125
1728456133661,0.00788706848486548,-0.0014054071217162987,0.0012845317856801663
1728456133743,0.006633686540636105,-0.0009073800304050075,0.004058888895897604
1728456133822,0.005257217109157352,-0.0003677707819706975,0.006924048868200656
1728456133902,0.003786093465080083,0.0001861533064416356,0.009898790179899713
1728456133983,0.0022334033371968383,0.0007417175796269747,0.01300415011434326
1728456134064,0.0005901991228740717,0.001308764051160199,0.01624672916102983
1728456134144,-0.0011725577770802492,0.001918635682505645,0.019609692446041403
1728456134225,-0.003094864587808695,0.0026135840344793638,0.023055642068312215
1728456134305,-0.005215270029156485,0.003430241744771355,0.026538937770031374
1728456134386,-0.007559235222886185,0.0043843600759995455,0.03002124691117881
1728456134466,-0.010130609220092264,0.005464634236487932,0.03348373702794289
1728456134547,-0.012906733724351128,0.00663988588932351,0.03693061738779784
1728456134628,-0.01583733968271449,0.007877156826892395,0.04038081397163623
1728456134708,-0.01884877361345047,0.009161720436746146,0.04384843607599333
1728456134788,-0.02185663425254278,0.01050774317995791,0.04731909790791942
1728456134870,-0.024789127146069453,0.011952677026420968,0.05073543744564037
1728456134949,-0.02761878827802173,0.013537995417400127,0.05400514842810607
1728456135031,-0.030392713914620954,0.015288382965039064,0.05703376558869323
1728456135113,-0.033244950791783856,0.017204523798457123,0.05976547442284153
1728456135191,-0.036374288920304414,0.01927756031692084,0.06220063265509253
1728456135271,-0.03997953081521502,0.021518355941978415,0.06436249333442993
1728456135353,-0.04416107542129594,0.023979980650906285,0.06621158911652474
1728456135433,-0.04881610435702772,0.02674748854104945,0.06754197019233962
1728456135513,-0.05356597881296675,0.029881325562501195,0.06791768662783627
1728456135594,-0.05775159279281153,0.03332684789512109,0.06670433918898859
1728456135675,-0.060514208680012865,0.0368297889537898,0.06321627334765627
1728456135756,-0.06095183920332046,0.03990900385443555,0.056946164669897985
1728456135838,-0.05831533271644702,0.04192218811415191,0.04779336176342112
1728456135916,-0.052194094277783945,0.04222084297542651,0.03618841681449554
1728456135997,-0.0426435637002292,0.040345965490005846,0.02304167490300644
1728456136077,-0.030223134107222868,0.03618987982789509,0.009516274331702913
1728456136158,-0.01593710183360197,0.030057975917247032,-0.0032932111818245033
1728456136238,-0.0010935738028862562,0.02260415899758711,-0.014648345296264338
1728456136319,0.012890165685046865,0.014665239786123349,-0.024305865952987855
1728456136399,0.02470439630964064,0.007056097431244592,-0.03246227743029808
1728456136480,0.0333575473676706,0.000392558775075563,-0.03954883375503345
1728456136561,0.03835418183015004,-0.005015172733876155,-0.04598900989713831
1728456136641,0.03981052290995285,-0.00919064974019844,-0.05203955842606758
1728456136721,0.038473071629027036,-0.012457294605001688,-0.05778128809285491
1728456136802,0.03561028227501155,-0.015362306808019085,-0.06323562857429477
1728456136882,0.032769711033283355,-0.018567355323218963,-0.06850829441120994
1728456136963,0.03143318408207171,-0.022707176993966884,-0.07384616124345772
1728456137043,0.0326473121795841,-0.028225792422279086,-0.07954853470532348
1728456137125,0.03673489839036507,-0.03522334096144774,-0.0857680229927014
1728456137203,0.043185699804976226,-0.043367169456217165,-0.09231322948248165
1728456137285,0.05077745290248383,-0.05191777167524041,-0.09857818232593013
1728456137365,0.05790360541072094,-0.059884971275645155,-0.10366241949084094
1728456137446,0.06301085624057606,-0.06627524438505637,-0.10664536419461279
1728456137526,0.06500796854613487,-0.07034598221922593,-0.1068955274152279
1728456137607,0.06351635717850834,-0.07177391366805387,-0.1042737583656948
1728456137686,0.05889062434080995,-0.07068046688379892,-0.0991395830497321
1728456137768,0.052020836623834985,-0.06751891724418976,-0.0921634665584956
1728456137849,0.04400444348123727,-0.06288443417422193,-0.08403849758133118
1728456137930,0.03581430505770868,-0.05733092782544862,-0.0752283129544381
1728456138009,0.028076132850901128,-0.05126011565077155,-0.06586267554079415
1728456138090,0.02101175099914832,-0.044903093200798924,-0.055811133892647295
1728456138169,0.014531404622447643,-0.03836960298999454,-0.044872937664782765
1728456138251,0.008402977703338936,-0.03171774935440846,-0.03296980367964697
1728456138331,0.0024116085645164162,-0.025003493584790024,-0.020243747436908918
1728456138412,-0.003549681088092263,-0.018294152871239804,-0.0070288719151376045
1728456138493,-0.009469406368452402,-0.011655141704739561,0.006261389668442827
1728456138574,-0.01525647452326948,-0.005131021748682691,0.019253417878275017
1728456138653,-0.020782793613965914,0.0012615798833853224,0.03167411750407904
1728456138734,-0.02589859362219967,0.007523699088969193,0.04333540142038988
1728456138814,-0.03042054917029358,0.013652629406921574,0.0540732593960521
1728456138895,-0.03411952312407354,0.01962138182610468,0.06369450391108601
1728456138975,-0.036740533926238834,0.025370197230159763,0.0719716130555648
1728456139057,-0.03806891499595022,0.030816076090486616,0.07869092173797865
1728456139138,-0.03802429761936694,0.035878920406072365,0.08372420734590418
1728456139220,-0.03673714438821147,0.040515058472644506,0.08707798877730541
1728456139298,-0.034559027986447506,0.044743024576025206,0.08888790336755766
1728456139378,-0.03198396651896649,0.04864579049462589,0.08936161755796809
1728456139459,-0.029502327852902785,0.052340211316344636,0.0887100481304855
1728456139540,-0.02744633127320229,0.05591679687933147,0.08711448648620068
1728456139620,-0.0258943726413294,0.05936660144704693,0.08474638800115754
1728456139702,-0.02467497015923372,0.06252186958621724,0.08180979157736827
1728456139780,-0.02346494578014181,0.0650387861186513,0.07855242531259218
1728456139863,-0.021935050950260694,0.06644158627049793,0.07521169477302045
1728456139942,-0.019879270281334606,0.06622777592020537,0.07191182232079521
1728456140023,-0.017277126816947545,0.0640094938983426,0.0685719705829948
1728456140103,-0.014272340358942365,0.05964591013568232,0.0648913009114259
1728456140184,-0.011088235317903105,0.05331665504984792,0.06043966208264541
1728456140265,-0.007923223149069899,0.04550228662642771,0.05482297735209123
1728456140344,-0.0048709410812927765,0.03687095616541289,0.04784619230836284
1728456140425,-0.0018936438620032047,0.02810773980284148,0.0395939731560446
1728456140505,0.0011451421094362366,0.019747827570028725,0.030394263620743007
1728456140585,0.004403212960364778,0.012074598112270853,0.02069462618118937
1728456140669,0.007966702944102538,0.005117190037244001,0.010924279932206432
1728456140747,0.011777431846773271,-0.001259563480386404,0.001410095444522127
1728456140828,0.015612017355247445,-0.007218444529460387,-0.007629365485926199
1728456140907,0.019126491280141926,-0.012829470918184276,-0.016038129867122258
1728456140989,0.021953734453013813,-0.018017100171380085,-0.02367646459137946
1728456141067,0.023817178987160757,-0.022591229051461315,-0.030413136469863416
1728456141148,0.02461476558913892,-0.026337705531811535,-0.0361594776707248
1728456141229,0.02443797685376834,-0.02911845726531631,-0.04091357452744495
1728456141312,0.023519001004344318,-0.030932177692551115,-0.044773627505919976
1728456141391,0.022132567262595746,-0.03191084587542782,-0.04790295185648056
1728456141472,0.020499780847531773,-0.03226071573710876,-0.050466653015937314
1728456141552,0.01873606342954819,-0.03218159445630688,-0.05258083086069834
1728456141631,0.01685672712589304,-0.03180418642420627,-0.054302686725271505
1728456141711,0.014820672447978397,-0.031171654864606584,-0.05565614315344588
1728456141795,0.012577167035376112,-0.030267375788472863,-0.05666194298741758
1728456141875,0.010091144827394476,-0.029068871859285444,-0.05734472705783056
1728456141956,0.007347166038297995,-0.02759806835167525,-0.05771643913340869
1728456142035,0.004348820244715267,-0.025943298904588016,-0.05775869106471485
1728456142117,0.0011262038696860672,-0.02424450309027882,-0.057425343127362354
1728456142196,-0.0022528143348127284,-0.022651052144518947,-0.056665315327113046
1728456142278,-0.005682263033793263,-0.02127329013622709,-0.05544709626785108
1728456142359,-0.009036491031637376,-0.02015008230297621,-0.05376646489458697
1728456142439,-0.012197900293862158,-0.019246443029906052,-0.05163382251687379
1728456142519,-0.015073865321663417,-0.018482065084286892,-0.049051814026697574
1728456142600,-0.017589517852661225,-0.01777843332420874,-0.045997192014083206
1728456142681,-0.019662708495192575,-0.01710345297530949,-0.042415799306502765
1728456142761,-0.021184369599164383,-0.016491386045605107,-0.038234442263442414
1728456142842,-0.022028611672646588,-0.016024381855822206,-0.033390054540723156
1728456142920,-0.02210071482874062,-0.015779048340420206,-0.02786945811991181
1728456143002,-0.021406624946221087,-0.015761194971274997,-0.021741225991943596
1728456143083,-0.020107329993587407,-0.015863576959838997,-0.015155082099463795
1728456143163,-0.01851689741218498,-0.015875912455336004,-0.00829629669547517
1728456143246,-0.017020488442420482,-0.015552808152401162,-0.001310779994000681
1728456143324,-0.015925702200300765,-0.014713979281672066,0.005758137413712002
1728456143405,-0.015302292529510248,-0.01332929685083863,0.012979128992878165
1728456143485,-0.01488848197301703,-0.01154254476980845,0.0204738262767254
1728456143566,-0.014127832394778507,-0.009614390616513434,0.028313784973247838
1728456143646,-0.0123483750561022,-0.007805262356149644,0.03642426941467448
1728456143726,-0.009027854844372823,-0.006252505949707407,0.044544763085682795
1728456143807,-0.004040060103640881,-0.0049046587766286,0.052270365308814196
1728456143888,0.0022257611990162103,-0.003551385307522746,0.05916105391379801
1728456143967,0.008933312660041218,-0.0019400024287841901,0.06487393915422471
1728456144049,0.015039753381974504,7.766675319831903e-05,0.06926181902525962
1728456144128,0.019620882645850476,0.0024449790561705364,0.07239602232707311
1728456144209,0.02215890367489103,0.004904309332827725,0.0745057815888327
1728456144290,0.022687567382893674,0.007111773951011143,0.07586259275378328
1728456144370,0.02174873777921855,0.008813001190276636,0.07665824597860602
1728456144450,0.02018814717206003,0.009997390101075915,0.076921423999797
1728456144532,0.018874106585068644,0.010956540089418345,0.07649496213208726
1728456144611,0.01844005232886222,0.012217248122307317,0.0750676230176424
1728456144693,0.019128379908612308,0.014377063557488,0.07223514309501615
1728456144773,0.020764985055137162,0.01791109603772395,0.06756410859887713
1728456144853,0.02284528533030515,0.023023238668691232,0.060647363823724744
1728456144934,0.024683370270585054,0.029584797460123057,0.051159393699324034
1728456145015,0.025573707982282017,0.03715912614059616,0.038928995748059435
1728456145094,0.024932247015070644,0.04507816446113141,0.0240355897104664
1728456145177,0.022404839118657996,0.05253140043137126,0.006909342007489178
1728456145256,0.01794148363028457,0.058646814279345594,-0.011609535331894669
1728456145337,0.011831238041032295,0.06256919897673502,-0.030301970269453356
1728456145416,0.0046832167708757465,0.06355427803719864,-0.047718193663603234
1728456145499,-0.0026618466097525057,0.06108851877265564,-0.062425916317989376
1728456145578,-0.009288448304434982,0.05502069686324247,-0.0732978996829413
1728456145659,-0.014401122590166914,0.045666877793911945,-0.07975467413978148
1728456145739,-0.017501418841741948,0.03383954142975292,-0.08188448679835707
1728456145819,-0.01848790166978913,0.020762440234009277,-0.08039677778438224
1728456145901,-0.017644589960729276,0.00786620976871472,-0.07641726186954306
1728456145982,-0.015525265824001433,-0.0034939340963635415,-0.07118582131163113
1728456146061,-0.012780113912222363,-0.012318165180465553,-0.0657528867885539
1728456146143,-0.009988678981962932,-0.01814993229732749,-0.06076947175112232
1728456146223,-0.007552404682975585,-0.021110866061711597,-0.056428706356454306
1728456146304,-0.005668651793448087,-0.021777512827979264,-0.052558427988321665
1728456146382,-0.004372763461571268,-0.020952244089388564,-0.048809667644592665
1728456146464,-0.0036118018652937134,-0.019415212541739172,-0.0448562794673411
1728456146545,-0.0033111053935808636,-0.017741404344197437,-0.040528276716117716
1728456146626,-0.0034098741248669963,-0.016229202765490763,-0.03584232655792337
1728456146706,-0.0038637265803316673,-0.014934878563628289,-0.030945735907725293
1728456146786,-0.00462855544509957,-0.013769038323336738,-0.026025042491289115
1728456146866,-0.005644340879118086,-0.012602939817323402,-0.021230095474732546
1728456146948,-0.006831001282498002,-0.011349349576655982,-0.01663836384294308
1728456147028,-0.008097431504637853,-0.010005337007557546,-0.012256434936879172
1728456147109,-0.009356607687091335,-0.008658615707341949,-0.008043192641838719
1728456147190,-0.010537623725362601,-0.007464021852298634,-0.003940778828529025
1728456147269,-0.011589114065402617,-0.0065996335570978745,9.589924705257473e-05
1728456147350,-0.012474427591533695,-0.006216803076263462,0.0040791932170585205
1728456147431,-0.013163565230293993,-0.006401362574041515,0.007985660075101233
1728456147511,-0.013628032939211344,-0.0071587050268066875,0.011771293422996522
1728456147592,-0.013842060024087893,-0.008423588560063637,0.015395869597836854
1728456147672,-0.013788661245345397,-0.01008415293569982,0.018840699817915717
1728456147753,-0.013464822860048064,-0.012006926982053545,0.022108800443623497
1728456147832,-0.012879823292108778,-0.014056124428449666,0.02520993644211553
1728456147916,-0.012045421947012613,-0.016109000685780788,0.02814429893567119
1728456147993,-0.010963777796556362,-0.01807156438556989,0.03089846200545304
1728456148076,-0.00962320148538558,-0.019894140370056466,0.03345629629621212
1728456148155,-0.008008919059131812,-0.02157958551615059,0.03581485277542574
1728456148236,-0.006126546380658593,-0.023174777295803316,0.037990061636945065
1728456148316,-0.004025839064287372,-0.024740957219620413,0.04000228050252411
1728456148397,-0.0018088034122817152,-0.02630908320180648,0.04184407315255135
1728456148477,0.00038699241063876785,-0.027838017022862406,0.0434459134509194
1728456148557,0.002425013292760867,-0.029199500162255008,0.04466285702401453
1728456148638,0.00420811704650353,-0.030207678096712792,0.045300840739719475
1728456148720,0.005696823919613594,-0.030690186088726517,0.04518371387985584
1728456148799,0.006895785393340619,-0.03057033345742572,0.04423808798300405
1728456148880,0.007817404800943346,-0.029913207958974418,0.04255682526442197
1728456148960,0.008451399438592876,-0.028898320976778944,0.04040566872127687
1728456149041,0.008773276648535432,-0.027717133618549758,0.03816013337748419
1728456149121,0.008804688262649239,-0.02643613358771241,0.03618749526199985
1728456149204,0.008701412479289987,-0.02489047321801826,0.034707484693108116
1728456149282,0.008812411405550951,-0.02266618877704094,0.03367157815932983
1728456149363,0.009650431917444694,-0.019194864069315896,0.0326995626770572
1728456149443,0.011750063145441842,-0.013938942382755129,0.031105999130229944
1728456149525,0.01544789582875129,-0.006606293176155005,0.028033038753434394
1728456149605,0.02066998693717446,0.0026858898875819675,0.022674635976441235
1728456149685,0.026825746623931758,0.013364484029493317,0.014538285044669504
1728456149766,0.03287506248553712,0.02449290527026028,0.003663828941562498
1728456149845,0.037569454645876584,0.03496696424575507,-0.009278890003625789
1728456149928,0.03979573066785009,0.04373974416927975,-0.02306007474317813
1728456150008,0.038903136881477014,0.05000325279221101,-0.036125404136906646
1728456150088,0.034895061096171166,0.053291417268780075,-0.04694336831361735
1728456150168,0.02841700609191273,0.05351066384918894,-0.05437026299315186
1728456150248,0.020552738101059863,0.050922733392176935,-0.057921609896154726
1728456150330,0.012513187627655993,0.04609560499447884,-0.05785872434892223
1728456150410,0.005334426984380472,0.03982117044279191,-0.05505821279546949
1728456150490,-0.0003192780729890666,0.03299363400854997,-0.05071119894328869
1728456150572,-0.004208166219401983,0.026457020470231483,-0.045963153542277646
1728456150652,-0.006448526736466071,0.020854177805991664,-0.04162380311622087
1728456150732,-0.007384804616720357,0.016525456248333993,-0.038040882084753855
1728456150813,-0.00746531072336944,0.013496910180769787,-0.03515771230283645
1728456150892,-0.007155557419806008,0.011562861024145873,-0.03269633408553335
1728456150974,-0.00688615543933088,0.010423039138179963,-0.030362011267070825
1728456151054,-0.007011165607930652,0.00980839151392086,-0.027973462285367616
1728456151136,-0.0077588660224088245,0.009540853708985766,-0.02547939639125781
1728456151216,-0.009181571120693195,0.009514889675624562,-0.022891615619335576
1728456151296,-0.011132958368349362,0.009634394219703758,-0.020206069020103953
1728456151375,-0.013301547958890606,0.009758227473754497,-0.01737340362578444
1728456151457,-0.015305089754576976,0.009692333359887203,-0.01433252723223845
1728456151537,-0.016817754771021116,0.009232051355617027,-0.011072275692171733
1728456151619,-0.017681101368765755,0.008229293369880548,-0.007670545936838801
1728456151698,-0.01795301081079718,0.006649216062259422,-0.0042816441075522
1728456151780,-0.017873892542533798,0.004588488609495383,-0.0010791808511762709
1728456151860,-0.01776389439627226,0.002245079398523238,0.0018125314239399728
1728456151941,-0.017893248202072602,-0.00014909974631782213,0.004363091593216801
1728456152020,-0.018378021615619317,-0.0024042681169199882,0.006637856621851817
1728456152101,-0.019141080082988253,-0.00442504895611539,0.008761749610795911
1728456152181,-0.019949153000144246,-0.0062182585799044655,0.010866520969879877
1728456152262,-0.020505443160122674,-0.007856950268233093,0.01304510929163561
1728456152341,-0.020557080175898954,-0.009421556726112827,0.015326760914427221
1728456152423,-0.019975008678269245,-0.010948746184770944,0.017674281781496153
1728456152503,-0.01877945628270842,-0.012413319445440761,0.019997922641406717
1728456152585,-0.017109273318692404,-0.01374952556736861,0.02217903831982182
1728456152664,-0.01515672103297415,-0.01489543394002986,0.024097142888100772
1728456152746,-0.013100050221467447,-0.01583198153946452,0.025654581277018158
1728456152825,-0.011060479797672457,-0.01659501867020466,0.02679417148421722
1728456152906,-0.009093229004477288,-0.017258080948722727,0.02750675699634048
1728456152987,-0.007204826679912322,-0.01790067415634138,0.027826905375842658
1728456153067,-0.005379977849863376,-0.018580299669809862,0.027816409868007638
1728456153147,-0.0036029301381212547,-0.0193173663156047,0.027538540233053087
1728456153229,-0.0018662658729420767,-0.02009126232792446,0.027031666515508895
1728456153307,-0.00016818958650888832,-0.02084295069771206,0.026295756665876233
1728456153389,0.0014960098345154257,-0.021484738200830862,0.02530362135684034
1728456153470,0.003141612423184593,-0.02192250739155081,0.024037193027216526
1728456153551,0.004795486816093912,-0.022090618583548452,0.022531202618814927
1728456153631,0.006487366325041424,-0.021985864025175578,0.020893846407584866
1728456153713,0.008233606907547219,-0.021676415447869628,0.019279122355336596
1728456153791,0.010022500750981806,-0.021266619088199913,0.017810747423397867
1728456153873,0.011813209946020864,-0.02081865380333061,0.016489230359959393
1728456153954,0.013554048919887587,-0.020255859619549746,0.015130606295499028
1728456154033,0.01521157745450302,-0.01928787707831742,0.013375412992338315
1728456154113,0.016789783055109916,-0.017400149202880875,0.010775944761604778
1728456154195,0.01831975201503479,-0.013939764563412902,0.006936716117029437
1728456154273,0.01981672555472245,-0.008303829541348774,0.0016624989389975296
1728456154356,0.021223605230929626,-0.0001948840779837143,-0.004935123758533883
1728456154436,0.02237361424889598,0.010137905219275722,-0.012410353964275495
1728456154517,0.023000953146122324,0.021777507601407283,-0.02005026003076411
1728456154596,0.022808059387464285,0.03322245759417222,-0.02702308866800502
1728456154678,0.0215710312877543,0.042690427734464936,-0.032567465473311956
1728456154758,0.019243207920952042,0.04856702024323982,-0.036167228179273925
1728456154839,0.016011081558398785,0.0498564082468346,-0.03766138296117698
1728456154919,0.012271847248092703,0.04647692309108657,-0.03726047604603806
1728456155000,0.008534312006976467,0.03929230654565915,-0.03546867681860059
1728456155079,0.005279990331173049,0.029860104478534717,-0.0329355442381639
1728456155163,0.002839361298613688,0.01998085472978536,-0.030279799751902696
1728456155242,0.0013281437105314765,0.011207597438601582,-0.027937819691130395
1728456155322,0.0006569041444655575,0.00448972538120508,-0.026085295218661052
1728456155402,0.0005947336317397421,6.411946536536185e-05,-0.0246549110337217
1728456155483,0.0008518092485072621,-0.0024045374978009203,-0.023432661960737396
1728456155564,0.001149571375200371,-0.003535039365122828,-0.022182708525722693
1728456155645,0.0012626335725274263,-0.003935221602540073,-0.020745456067607703
1728456155724,0.0010335413557549904,-0.00401519301177623,-0.019075706028186562
1728456155806,0.0003732113741181896,-0.003950651407500705,-0.017220024938897866
1728456155886,-0.0007384571367563194,-0.0037662820195220833,-0.015257748486200106
1728456155968,-0.0022465541966811726,-0.0034638846760452675,-0.013240724971733387
1728456156046,-0.0040178566093764965,-0.00311520141366552,-0.011161671053829881
1728456156127,-0.0058545240384259125,-0.002874160081107093,-0.008962005562463899
1728456156208,-0.007532134634301053,-0.0029171447201307957,-0.006566572699636162
1728456156288,-0.008854973250487841,-0.003359916208690769,-0.003919962307977646
1728456156370,-0.009710352164097045,-0.004203229686073529,-0.0010056049355585198
1728456156449,-0.010101857056149374,-0.00533191976406903,0.0021536927267765934
1728456156529,-0.010147639924812955,-0.006560023105267982,0.005503452369322113
1728456156611,-0.010041140529222317,-0.007697181347885537,0.008965174047446253
1728456156691,-0.009985791365380444,-0.008609470096785836,0.012443752733492033
1728456156772,-0.01012819193491319,-0.009252215990207162,0.01583723557185869
1728456156852,-0.0105179023809112,-0.009661072351011287,0.019047454924782166
1728456156933,-0.01111031479019846,-0.009904311020521604,0.02198717397129983
1728456157012,-0.01180600811714969,-0.01002114227330846,0.02458308079569831
1728456157094,-0.01249970369351005,-0.009984195399224127,0.026780253028759984
1728456157174,-0.013108814962253858,-0.00971500765105004,0.028553960707112646
1728456157256,-0.013568723326944416,-0.009149683087218433,0.02992574597712857
1728456157335,-0.013807416723793616,-0.008316718915347897,0.03096994770808003
1728456157416,-0.013727344844120458,-0.007375703851140758,0.03179610260574433
1728456157496,-0.013216327258121515,-0.006585390947740076,0.0325062392799352
1728456157577,-0.012187142312517869,-0.006210110522942297,0.03314516938012482
1728456157656,-0.010623171839307496,-0.006409262966375755,0.03367200152700083
1728456157738,-0.008600167513166486,-0.007165966383643915,0.033974081513466016
1728456157818,-0.006266504841949501,-0.008293284541883356,0.033923442837098104
1728456157898,-0.0037888377485687766,-0.009519084846432066,0.03345166879419792
1728456157980,-0.0012920811207757705,-0.010610760639121124,0.032604634222308804
1728456158060,0.0011716511053374,-0.011477253745693312,0.03154251166478799
1728456158140,0.0036059036446965203,-0.012190849812142149,0.030473040367157745
1728456158221,0.006014209492691387,-0.012906566638935137,0.029538662922469816
1728456158301,0.008341259830463984,-0.013709151110350657,0.028705414495693346
1728456158382,0.010451716121518368,-0.014461373812871731,0.02770783626945924
1728456158462,0.012166775051726673,-0.014737926684518465,0.026083319451354847
1728456158544,0.013342766523959564,-0.013897967653150824,0.02328999284947684
1728456158623,0.013947101834335365,-0.011288859626811185,0.018864720110665714
1728456158704,0.01408383983164729,-0.006511576354360958,0.012561681236747635
1728456158785,0.013947463974912177,0.0003566518640977169,0.00442473392715751
1728456158866,0.0137245355463291,0.008677981206002286,-0.0052205752268238426
1728456158945,0.013495372399909679,0.017352437389123856,-0.015835228262053542
1728456159027,0.013193134653949319,0.02507106341775597,-0.026756305631457828
1728456159107,0.012650215686798492,0.03063526009516893,-0.03727429939043017
1728456159191,0.011712786458546657,0.033237427995605716,-0.04668973650744188
1728456159269,0.010360604210229817,0.03262929250826899,-0.05436729334914174
1728456159348,0.008761275050505706,0.029153337025054685,-0.059809665405478024
1728456159428,0.007226199218913158,0.023645811262797058,-0.06274722884024626
1728456159510,0.006094567996604971,0.017234347471555767,-0.0632052174670138
1728456159590,0.0056094733901830085,0.011071634777283755,-0.06150271484532438
1728456159671,0.0058434030542116305,0.006075199697972731,-0.058169110404486
1728456159751,0.006693233531918224,0.0027556478333530298,-0.05380907057922023
1728456159831,0.00792932825750372,0.0011849584818906678,-0.04897049992717603
1728456159911,0.009268707036218342,0.0010934895857877935,-0.044058356649661005
1728456159995,0.010445121622309525,0.0020321564322251778,-0.03930726806791967
1728456160072,0.011257459473817349,0.003527876950996412,-0.034801852636801314
1728456160154,0.011587626962763553,0.005189437038266803,-0.03052434521360317
1728456160233,0.011391354533774448,0.006755401255235633,-0.026408579703028987
1728456160315,0.010676606577134267,0.008094466908052671,-0.022382847458798375
1728456160396,0.00948564329454288,0.00917495983545836,-0.018393313030443916
1728456160476,0.007886774775977512,0.010022559012372407,-0.014412163193417354
1728456160555,0.0059709710835054546,0.010682123199436204,-0.01044010412414553
1728456160637,0.003846584385578506,0.011188885676039016,-0.006506099090689873
1728456160718,0.0016297261245015666,0.011546698732948687,-0.002658682764286651
1728456160799,-0.0005704050844634102,0.011716783737054764,0.0010536013058547314
1728456160878,-0.0026727651890992017,0.011630058745821787,0.004602744266311584
1728456160959,-0.00464929302032868,0.011228733195681559,0.007987921338327843
1728456161040,-0.006540057761869335,0.010517040274579581,0.011223705359925444
1728456161122,-0.008441529897603968,0.009582897508477106,0.014319698874342668
1728456161202,-0.010463057862908567,0.008565813622907759,0.017264909267352815
1728456161283,-0.012668207109513045,0.00758369504916582,0.020022401995487424
1728456161363,-0.015030618259553189,0.006661002505442287,0.02253230354697404
1728456161443,-0.017427732222422606,0.00570033936033,0.024721289230571982
1728456161523,-0.019675510607041518,0.004513241839285467,0.026519902429616243
1728456161604,-0.02158762877486593,0.002895118967750137,0.027887400043476868
1728456161683,-0.023034403713097378,0.0007120784715956544,0.028836263620377
1728456161765,-0.023980743963158486,-0.0020326424231119585,0.02944249827643167
1728456161844,-0.024492358185433376,-0.005174959979242739,0.029831461910028285
1728456161926,-0.02470921653230129,-0.008418634808640708,0.03014222589807048
1728456162006,-0.02479326331855101,-0.011412288166774637,0.030487143724025497
1728456162088,-0.024864924590264945,-0.013854736955902875,0.030926565214473668
1728456162167,-0.02494962401818099,-0.015593772532967249,0.03146837252104708
1728456162249,-0.02495732028400772,-0.016678347444146986,0.03208552502666526
1728456162328,-0.024710403108817863,-0.01733634296133707,0.03273385780992714
1728456162409,-0.024017511445867317,-0.017878905735308682,0.033354555277446254
1728456162488,-0.022768558636075846,-0.01856683988093126,0.033859634903363134
1728456162569,-0.021010220582630683,-0.01949752842084265,0.03411490293904105
1728456162650,-0.018962701309636704,-0.020566754488554592,0.033941092667758965
1728456162730,-0.016961747315032794,-0.021525509401789423,0.03314428950214553
1728456162811,-0.015345377875215024,-0.02210340891725741,0.03156724433815913
1728456162893,-0.014333457468272115,-0.02213552209728268,0.029137904100250113
1728456162971,-0.01395290767311077,-0.021629706338170792,0.025891651606765393
1728456163053,-0.014038489924602349,-0.020746978187506322,0.021958902776476445
1728456163134,-0.014301819905623509,-0.019715603218262785,0.017528109531515616
1728456163214,-0.014431118482070461,-0.01873056406983792,0.012802371257802944
1728456163294,-0.014176302445181335,-0.01788834862875126,0.00796246140429423
1728456163375,-0.013388508928946845,-0.017180404126533735,0.003139125057268283
1728456163455,-0.012009351193160078,-0.01653642210872612,-0.0016065216667852903
1728456163536,-0.010030144335360036,-0.015886286335828875,-0.006292107277834136
1728456163616,-0.007453991930386911,-0.015204826040413639,-0.011005201718549778
1728456163697,-0.0042877674182391036,-0.014517496226270781,-0.015869467352323318
1728456163777,-0.0005693960399692296,-0.013870032838456236,-0.020987475580744618
1728456163860,0.0035896891253804864,-0.013286375951205236,-0.026376619884399294
1728456163937,0.00798228198690832,-0.012744798942252302,-0.031926064682467455
1728456164020,0.012334878174148894,-0.012190640841396035,-0.037400223375796786
1728456164099,0.016396994437926717,-0.011581624085269753,-0.04249525972273676
1728456164181,0.020063142688953494,-0.010937615928680656,-0.04692959547273669
1728456164260,0.023469816978352084,-0.010353556688578828,-0.050532049780118646
1728456164341,0.027004951137945446,-0.009946171899403864,-0.053289821666755305
1728456164421,0.031198561908359557,-0.00974397700191675,-0.05533176483639527
1728456164502,0.03651931391579045,-0.009575530474325649,-0.05684490938791135
1728456164582,0.043153429154912944,-0.009030722672429447,-0.05794713752207646
1728456164663,0.05086076328121553,-0.007544453830838256,-0.05855820614059832
1728456164743,0.05897599196293622,-0.004589387139859053,-0.0583182301076932
1728456164825,0.06656176670736393,0.00010346993008286093,-0.056595365458320654
1728456164905,0.07265451466567444,0.006410906853028633,-0.05260416183759267
1728456164985,0.07650569642258914,0.013856029726996658,-0.045623924462850976
1728456165066,0.0777312462154806,0.021817712544855268,-0.0352654180718564
1728456165146,0.07633201239556597,0.029807112310500063,-0.021697123378019555
1728456165226,0.07260746201193291,0.037653486470250616,-0.005732600046019411
1728456165310,0.06702051037248923,0.045480589199231126,0.011281713084435315
1728456165391,0.06007035910214753,0.05347457967203219,0.02775936156098634
1728456165469,0.05220683727337729,0.06157318169543064,0.042246737301564447
1728456165549,0.043798297998468426,0.06925876632578457,0.05374148629144446
1728456165632,0.035154935519485696,0.07558154787248243,0.06185469184539835
1728456165711,0.026598763762657785,0.07941500885189137,0.06678570400011415
1728456165790,0.01854910784837564,0.07982967555252106,0.0691438531022975
1728456165871,0.011567750881133581,0.07641752547564466,0.0696900904890544
1728456165952,0.0063042376818789716,0.06942406305411593,0.06908303013496805
1728456166033,0.003314466361176661,0.059635344355140105,0.06769978845079345
1728456166113,0.0027890868013279433,0.048081749410252346,0.06556803562721965
1728456166193,0.004296338215634083,0.03570034340230054,0.062407976697719976
1728456166275,0.006677638796565311,0.023102626290832012,0.057757600406689105
1728456166355,0.008200189409875144,0.010530338055522746,0.051143448882465255
1728456166436,0.006968997281701779,-0.002010241400975973,0.04225539648622389
1728456166515,0.0014760577925171776,-0.01452236499925037,0.03108525865957656
1728456166596,-0.008915568355427091,-0.026822638058311508,0.017998531550666934
1728456166676,-0.023743414183201455,-0.038474362575406866,0.0037247340235925645
1728456166758,-0.04156314819821949,-0.048877783339330017,-0.01073266270306279
1728456166838,-0.06036136281876671,-0.05745500870717461,-0.02425426248267785
1728456166918,-0.07809760803945265,-0.06381410121882593,-0.03580536938046186
1728456166998,-0.09317025681256742,-0.0677978561139466,-0.044635032572023926
1728456167079,-0.10465150745200019,-0.06940601205250012,-0.05041374027394082
1728456167159,-0.1122506328577788,-0.06866688175257692,-0.0532568174586692
1728456167240,-0.11608563073884161,-0.06556529281715635,-0.05361934796860697
1728456167321,-0.11641393585847688,-0.06009026775604141,-0.05210431712646009
1728456167401,-0.11346269228932804,-0.05238087147680074,-0.04926651280246161
1728456167481,-0.10742095616362177,-0.04287832691255404,-0.04549396593629446
1728456167562,-0.09855708972638677,-0.0323787557688756,-0.04100507055030183
1728456167642,-0.08735847659928582,-0.02192876448689821,-0.03593849600191049
1728456167723,-0.07458809174603187,-0.012586790306959118,-0.030468990154601777
1728456167803,-0.0612058534709762,-0.005144462274689799,-0.024876061866478828
1728456167884,-0.048176837888540665,7.09899921667756e-05,-0.019522991412726103
1728456167965,-0.036245451742816605,0.0032254263575304666,-0.014753929581298503
1728456168047,-0.025772367369114625,0.004830224250497951,-0.010764207008728075
1728456168125,-0.016705562578501955,0.005497886306406456,-0.0075198079990029835
1728456168207,-0.008698737166801846,0.0057226779074424205,-0.004780568168076461
1728456168285,-0.0013234790977630355,0.005780046720459934,-0.002224402705201851
1728456168367,0.005721752758858169,0.005760560406770082,0.00039058672581502717
1728456168448,0.012497651154084983,0.00567901924515005,0.0031133180319103245
1728456168528,0.018844783270404196,0.005572423639043095,0.005794502797145131
1728456168610,0.02450916831110433,0.005529326637708852,0.00818459842447242
1728456168691,0.029294688536275714,0.005649917713953701,0.010073947333946835
1728456168770,0.03316138715928791,0.005981613718201185,0.011396275071145353
1728456168851,0.036228133900657634,0.006483264344665797,0.01224477954125968
1728456168931,0.0386942716432987,0.007043522380627606,0.012803772828913382
1728456169012,0.04073494587746389,0.007539559824969251,0.013244269677494503
1728456169092,0.04242905559989224,0.007898341148474246,0.01364392881184517
1728456169173,0.04375137770339803,0.008125119749559883,0.01396952590285288
1728456169253,0.0446223003517835,0.008285589624137666,0.014122306340602587
1728456169335,0.04498048016291183,0.00845494108358871,0.014014450000558717
1728456169414,0.044836422566456174,0.00866552193797911,0.013631970274912999
1728456169495,0.04427936069093758,0.008884857647613952,0.013050154125995536
1728456169574,0.04343801903893502,0.009035895239273915,0.012396650767208318
1728456169656,0.04242213603939617,0.009043835782739706,0.011787965466947731
1728456169736,0.041279775887854815,0.008878603215963421,0.011277778813883851
1728456169817,0.03999153557085676,0.008568853826732812,0.010843260018976028
1728456169897,0.03849905239739032,0.008183728952864577,0.010410426387515194
1728456169978,0.036748584683327645,0.00779570703849096,0.009900164318718705
1728456170059,0.03472779763323852,0.007443808346657658,0.009271241681307354
1728456170139,0.032480947848238954,0.007113652032901212,0.008541992205502344
1728456170219,0.03009793327192175,0.006743638301062382,0.007782497429271559
1728456170300,0.02768260839900689,0.006256423046996136,0.007080847554076181
1728456170381,0.025313033720565637,0.005604264470564607,0.006497348259250775
1728456170461,0.023009367322508016,0.004809314944098562,0.006026188288118902
1728456170541,0.02072444739819782,0.003977321971089675,0.005584357354384201
1728456170622,0.018367307757043094,0.003268030039946459,0.0050413355500249744
1728456170704,0.0158568122868538,0.0028235496842194375,0.004285773206069224
1728456170784,0.013181602749800283,0.0026856380338864012,0.003298651816746949
1728456170864,0.010428290026713496,0.0027537153332869947,0.002185161688221212
1728456170943,0.007751886852499801,0.0028209408224443492,0.001133733734129902
1728456171024,0.00530038704613341,0.0026757737075013533,0.0003187896877023501
1728456171106,0.0031405096220175174,0.002208267516802231,-0.00019243641982700949
1728456171186,0.001232646067765343,0.0014554977369669758,-0.0004682737478979404
1728456171267,-0.0005321165322405153,0.0005637169942522577,-0.0006608432236147531
1728456171349,-0.00226248931597431,-0.00029953800781132837,-0.0009133961396028069
1728456171428,-0.0040120539190617805,-0.0010237940233606367,-0.0012886781789073923
1728456171508,-0.005768705124774817,-0.0015823185425745763,-0.0017579593735365085
1728456171589,-0.007483291343138019,-0.0020071694586237883,-0.0022443361707874814
1728456171671,-0.009108154536440085,-0.0023445893648662407,-0.002680750364831619
1728456171750,-0.010619326984306626,-0.002622927222499771,-0.003045029946994433
1728456171831,-0.0120168583901547,-0.0028434907888855087,-0.0033607282924219425
1728456171911,-0.013313172540862225,-0.002987503105577036,-0.0036750757973464643
1728456171991,-0.014519171820719034,-0.0030314619953491413,-0.004029435228998482
1728456172074,-0.015631814130659952,-0.0029670318110919364,-0.004432960312395509
1728456172152,-0.01662676022670334,-0.0028176662742435115,-0.004849513799750435
1728456172233,-0.017462597935327374,-0.002638559643323713,-0.005207976659152278
1728456172313,-0.018098820135023494,-0.002493407035927401,-0.005436076018163239
1728456172394,-0.01851816330757023,-0.0024199116464136716,-0.005500316193852839
1728456172474,-0.018737392360890073,-0.0024080464113019275,-0.0054264170614431095
1728456172556,-0.018797907460600782,-0.002407278563599092,-0.005286584150971393
1728456172635,-0.018742626062855705,-0.002358008194190824,-0.00516274299091204
1728456172716,-0.018594556166878325,-0.002227041297189959,-0.005109072928507451
1728456172796,-0.0183484623655116,-0.0020281074901005265,-0.005132808638971383
1728456172877,-0.017976159705609573,-0.0018207847519149476,-0.005197001579889951
1728456172957,-0.01743922100480653,-0.001691690097830616,-0.0052376860884920835
1728456173038,-0.016704004748524556,-0.0017246682298489846,-0.0051869901218231235
1728456173118,-0.015757200832733336,-0.001966893112545706,-0.004997124636154916
1728456173199,-0.01461918314606585,-0.002401069838184898,-0.0046599635245511885
1728456173279,-0.013348561628976208,-0.0029376651452034473,-0.004213760063870805
1728456173362,-0.012031488896447267,-0.0034369668349051685,-0.003730136933025863
1728456173441,-0.010757030167991006,-0.0037561673253867747,-0.0032845285779498413
1728456173522,-0.009589488566982279,-0.0038010730024714804,-0.002924529191421546
1728456173602,-0.008550958042452827,-0.003558435519364381,-0.002652385578124232
1728456173684,-0.007621113237122754,-0.00309539003467472,-0.002429100695981844
1728456173763,-0.006752870373983836,-0.0025277495127023516,-0.0021968739507147923
1728456173844,-0.005896710785942779,-0.00197109809337753,-0.001909652373424737
1728456173923,-0.005022571424689452,-0.0014963883588738393,-0.0015573711111750766
1728456174005,-0.004127624220043397,-0.0011120333848445754,-0.001169516970907024
1728456174086,-0.0032257311293940527,-0.0007813351070406753,-0.000793879385956565
1728456174165,-0.0023279626474568106,-0.0004614238141289631,-0.00046425028828058564
1728456174245,-0.0014310237855771541,-0.0001356672184721819,-0.00018060736048682683
1728456174327,-0.0005227909311501907,0.00018058158026537156,8.471066151504242e-05
1728456174406,0.0004013885428011999,0.0004589784546822201,0.00036223225873679315
1728456174488,0.0013262429740244458,0.0006839703345136783,0.0006616695496218938
1728456174567,0.002217860606465091,0.0008673196007892482,0.0009647547425790992
1728456174649,0.0030378258258074342,0.0010436568231871936,0.0012370519562166272
1728456174729,0.0037613808729018774,0.0012507861859480285,0.0014501313758712399
1728456174809,0.00438929525222812,0.0015058759096282523,0.0016011328947259282
1728456174890,0.004947136812447599,0.0017903282458476566,0.0017190714760754137
1728456174971,0.0054719746313910125,0.0020523205144513143,0.0018537798776361515
1728456175051,0.00599199295803828,0.0022283380414068166,0.0020510819407942456
1728456175131,0.006507925162570032,0.002275213365927696,0.0023249426388045726
1728456175213,0.006986231817822492,0.0021957442012573475,0.0026419063800042536
1728456175293,0.00737018187296573,0.0020409296901568812,0.0029301072460148543
1728456175374,0.00760518312833885,0.0018846407028648615,0.0031116990508679265
1728456175455,0.007664335298162215,0.0017850884991169505,0.0031411354841521205
1728456175534,0.007558687992350162,0.0017568161900786436,0.003026237460954787
1728456175615,0.007327081293809533,0.0017690181532645612,0.0028204211695921732
1728456175696,0.0070145431045981746,0.001768030602359173,0.002593558034505531
1728456175776,0.006654380099282523,0.0017084524385806087,0.0024003638869458995
1728456175856,0.006263845581049944,0.001576012197062221,0.00226267739043072
1728456175937,0.005852945755977485,0.001392485055340087,0.0021713464089747362
1728456176017,0.0054378291415440394,0.0012029132684966415,0.002102455327155269
1728456176100,0.005046957665654636,0.001055115371015979,0.0020347468322449106
1728456176177,0.004711679448427295,0.0009858293367190527,0.0019544008999319603
1728456176259,0.004444707530730181,0.00101996870578521,0.0018447817181762784
1728456176339,0.004224120555936198,0.0011734609011746255,0.0016763373217330237
1728456176421,0.004001603030998428,0.0014442640542393658,0.0014161856512160652
1728456176501,0.0037345932684253566,0.001791776720586011,0.0010573742990737562
1728456176581,0.0034184393419554077,0.0021265183230773344,0.0006421984554232704
1728456176660,0.00309161249959122,0.002331933649405152,0.00025249161729828126
1728456176742,0.0028096134975138898,0.0023134460948057134,-3.201756566523735e-05
1728456176822,0.002609031853247644,0.002043265130599344,-0.00017688080226017255
1728456176904,0.0024874994629160265,0.001571026156619393,-0.00020693238963843673
1728456176983,0.0024077081369414323,0.0009974319640452514,-0.00018693853649739237
1728456177064,0.0023152308460312114,0.00043259993102820574,-0.00018902989770876218
1728456177145,0.0021569904477304626,-3.769640650469045e-05,-0.00026787724615182025
1728456177225,0.0018960424549939526,-0.0003700367403539405,-0.0004486016586362879
1728456177305,0.0015244977220134025,-0.0005699350930602266,-0.0007207448152008274
1728456177388,0.0010730101363166913,-0.0006900823628056971,-0.0010349300095185874
1728456177465,0.0006086625511287976,-0.000815886048516611,-0.0013090232024623829
1728456177547,0.0002142238543885896,-0.0010340098047626305,-0.0014522381000970593
1728456177627,-4.6663574879763256e-05,-0.0013913208968597294,-0.0014034560666641516
1728456177709,-0.00016137755438726365,-0.0018640512476530233,-0.0011652777566263687
1728456177788,-0.00017871827562677408,-0.0023565589316717184,-0.0008128500575779979
1728456177870,-0.00018968513803121315,-0.0027352094812300603,-0.00046832429721493864
1728456177950,-0.0002850546945568367,-0.00288573489900563,-0.000248602761323346
1728456178031,-0.0005081021442616486,-0.0027699745759382126,-0.00020809700981063483
1728456178112,-0.000826754661567846,-0.002453249973631021,-0.00030583395860078055
1728456178192,-0.0011449111585666815,-0.0020812103954196207,-0.000421274853839957
1728456178271,-0.0013538629483785516,-0.0018086925476146329,-0.00041996283612089834
1728456178353,-0.0013981959051760958,-0.0017148850245184448,-0.00023636648884989715
1728456178433,-0.0013151847508361336,-0.0017560616212268668,7.834909087050806e-05
1728456178515,-0.0012192416252085384,-0.001789581150137302,0.000379308108384631
1728456178595,-0.0012387933727224284,-0.0016573631587819193,0.0005106001912493561
1728456178676,-0.0014454099716504382,-0.0012769845852984962,0.00039478379436587164
1728456178754,-0.0018181924861400884,-0.0006857728377607951,7.355062089692173e-05
1728456178836,-0.0022591369157461735,-1.8690840717017415e-05,-0.0003188395625361589
1728456178916,-0.002641712060598722,0.0005563753985896477,-0.000623204268234562
1728456178997,-0.002861429057783384,0.0009050850790824055,-0.0007212042157000456
1728456179077,-0.002867771829804351,0.0009675543966167813,-0.0005721041000576504
1728456179158,-0.0026740431513750593,0.0007688632491161874,-0.00021783243349140924
1728456179237,-0.0023491538000159962,0.0004049922742886276,0.00023566369043931108
1728456179321,-0.001994413465155177,9.857025357425209e-06,0.0006542357437994997
1728456179400,-0.0017099892231060777,-0.00028876897183844767,0.0009206911188898563
1728456179480,-0.001562274396271629,-0.00040936384626269386,0.0009739731366218994
1728456179561,-0.0015656653325186504,-0.00033639567904598,0.0008255599208695059
1728456179641,-0.0016843292094132975,-0.00011445651875012058,0.0005481686966865331
1728456179721,-0.0018487626181174915,0.00017451326324091992,0.0002467389285252878
1728456179803,-0.0019787191470143363,0.00043880484071079904,2.5234451056893986e-05
1728456179882,-0.002008000775247049,0.0006036102255669919,-4.4102153394366395e-05
1728456179963,-0.0019080946653196496,0.0006347077787621918,5.381758551092573e-05
1728456180042,-0.0017021626748545428,0.0005514552451824223,0.0002658613919604607
1728456180126,-0.0014570219398230705,0.0004164000393655431,0.0004879701330930631
1728456180205,-0.0012500713992730343,0.0002987895384615592,0.0006127992027833729
1728456180286,-0.0011273079040565578,0.00023078272647971426,0.0005850016814793991
1728456180365,-0.0010788786607014908,0.00018609467747588302,0.00042915065148111227
1728456180447,-0.0010476746369258477,9.673756679461744e-05,0.0002316113923520854
1728456180527,-0.0009639691467592226,-0.00010332008548163382,8.878438385596377e-05
1728456180608,-0.0007845794233462235,-0.00043466890776785365,5.3144011898061324e-05
1728456180688,-0.000516212712236773,-0.0008525362182071133,0.00010512994018820027
1728456180769,-0.00021291266798015797,-0.0012595946399222104,0.00016299997885880962
1728456180849,5.069096909855312e-05,-0.0015458555754775346,0.00012535512839349986
1728456180932,0.00021730225284898565,-0.0016371678708134265,-7.444255783166744e-05
1728456181010,0.0002752844414446277,-0.0015264411329277748,-0.00043185953478546064
1728456181091,0.00026038167316769673,-0.0012686838986408298,-0.000875085067388626
1728456181170,0.0002316299346676395,-0.0009444462168477233,-0.0013048586035859474
1728456181253,0.00024111630366406437,-0.0006194432207674432,-0.0016393447792315086
1728456181332,0.0003185050109000032,-0.00032776603756398643,-0.0018331942405086295
1728456181414,0.00047311573829596557,-8.067258251483584e-05,-0.0018682699475240584
1728456181493,0.0006988161861629975,0.00012127343447621931,-0.0017407174849118896
1728456181574,0.0009693776832798301,0.00029244567641167944,-0.0014664560208550446
1728456181654,0.0012302071236322998,0.0004774379816173436,-0.0010994648787915416
1728456181738,0.001404195970860106,0.000752900177368784,-0.0007362707354744083
1728456181815,0.0014203977673617385,0.0011987292190510231,-0.0004882285916434338
1728456181897,0.0012536767427894476,0.0018467429434428902,-0.00043035395412045166
1728456181977,0.000951780250578289,0.002634433515746408,-0.0005547455525207581
1728456182057,0.0006318294308521207,0.0033925751874669847,-0.0007555039785015869
1728456182138,0.0004430391665591902,0.0038830092725068285,-0.0008581994686951245
1728456182218,0.0005066959651529509,0.003883753957577453,-0.0006898850209664083
1728456182298,0.000855064575878566,0.0032949881142848294,-0.0001671057615911338
1728456182380,0.0013966596303088344,0.0022180028820316133,0.0006374133794448003
1728456182460,0.0019313003524319603,0.0009555856936747665,0.0014917963242068223
1728456182541,0.002220411678996916,-9.004293941726906e-05,0.0020860246213542373
1728456182621,0.0020902418029952225,-0.0005917660762587172,0.002173268807951198
1728456182703,0.0015215399271301263,-0.00046235445498709493,0.0017044154262651232
1728456182781,0.0006756971781404516,8.59506915985828e-05,0.0008765127133045836
